HomeTeam,AwayTeam,FTHG,FTAG,FTR,HS,AS,HST,AST,HC,AC,num
Blackburn,Wolves,1,2,A,16,13,8,4,12,6,1
Fulham,Aston Villa,0,0,D,13,7,9,1,2,3,2
Liverpool,Sunderland,1,1,D,11,15,4,6,6,3,3
Newcastle,Arsenal,0,0,D,6,9,1,4,2,5,4
QPR,Bolton,0,4,A,13,13,7,7,3,2,5
Wigan,Norwich,1,1,D,18,13,11,3,7,3,6
Stoke,Chelsea,0,0,D,6,20,3,11,4,6,7
West Brom,Man United,1,2,A,14,11,8,5,6,5,8
Man City,Swansea,4,0,H,26,8,19,5,7,4,9
Arsenal,Liverpool,0,2,A,10,13,6,8,9,5,10
Aston Villa,Blackburn,3,1,H,9,10,6,6,5,4,11
Chelsea,West Brom,2,1,H,22,6,12,4,7,4,12
Everton,QPR,0,1,A,14,4,7,3,2,1,13
Sunderland,Newcastle,0,1,A,15,12,5,10,7,6,14
Swansea,Wigan,0,0,D,12,10,6,4,7,7,15
Bolton,Man City,2,3,A,6,17,4,9,7,8,16
Norwich,Stoke,1,1,D,9,15,7,5,3,6,17
Wolves,Fulham,2,0,H,17,8,7,4,7,8,18
Man United,Tottenham,3,0,H,27,20,21,12,11,3,19
Aston Villa,Wolves,0,0,D,15,3,5,2,11,8,20
Blackburn,Everton,0,1,A,14,9,6,4,5,4,21
Chelsea,Norwich,3,1,H,16,9,8,6,8,6,22
Liverpool,Bolton,3,1,H,17,7,9,4,12,6,23
Swansea,Sunderland,0,0,D,15,12,6,8,7,4,24
Wigan,QPR,2,0,H,13,19,10,9,8,7,25
Man United,Arsenal,8,2,H,25,19,15,13,3,5,26
Newcastle,Fulham,2,1,H,13,16,9,9,6,6,27
Tottenham,Man City,1,5,A,15,22,10,12,10,5,28
West Brom,Stoke,0,1,A,16,7,7,1,5,1,29
Arsenal,Swansea,1,0,H,18,10,8,5,4,5,30
Bolton,Man United,0,5,A,20,13,13,9,5,7,31
Everton,Aston Villa,2,2,D,17,7,10,3,8,0,32
Man City,Wigan,3,0,H,23,9,10,5,8,3,33
Stoke,Liverpool,1,0,H,3,20,1,11,2,12,34
Sunderland,Chelsea,1,2,A,14,16,7,8,4,7,35
Wolves,Tottenham,0,2,A,10,17,6,11,4,10,36
Fulham,Blackburn,1,1,D,13,10,8,5,11,2,37
Norwich,West Brom,0,1,A,17,14,5,9,1,3,38
QPR,Newcastle,0,0,D,14,8,5,3,6,4,39
Aston Villa,Newcastle,1,1,D,10,21,2,13,4,9,40
Blackburn,Arsenal,4,3,H,10,24,5,16,2,13,41
Bolton,Norwich,1,2,A,7,11,7,5,6,9,42
Everton,Wigan,3,1,H,17,9,10,4,4,9,43
Swansea,West Brom,3,0,H,7,13,5,8,2,8,44
Wolves,QPR,0,3,A,13,17,6,12,4,8,45
Fulham,Man City,2,2,D,14,18,11,11,6,9,46
Man United,Chelsea,3,1,H,12,20,7,9,4,10,47
Sunderland,Stoke,4,0,H,8,9,7,5,6,5,48
Tottenham,Liverpool,4,0,H,24,5,16,2,4,1,49
Arsenal,Bolton,3,0,H,23,3,14,3,9,2,50
Chelsea,Swansea,4,1,H,15,5,7,4,1,6,51
Liverpool,Wolves,2,1,H,14,11,6,6,7,2,52
Man City,Everton,2,0,H,18,7,8,3,7,5,53
Newcastle,Blackburn,3,1,H,19,4,8,1,4,2,54
Stoke,Man United,1,1,D,14,13,8,9,8,8,55
West Brom,Fulham,0,0,D,8,18,5,9,1,1,56
Wigan,Tottenham,1,2,A,5,14,4,7,1,9,57
QPR,Aston Villa,1,1,D,17,8,9,4,11,8,58
Norwich,Sunderland,2,1,H,11,12,8,6,7,4,59
Aston Villa,Wigan,2,0,H,16,14,10,9,5,10,60
Blackburn,Man City,0,4,A,5,19,4,12,4,5,61
Everton,Liverpool,0,2,A,12,15,4,9,5,9,62
Man United,Norwich,2,0,H,17,13,9,6,10,3,63
Sunderland,West Brom,2,2,D,12,7,7,3,7,4,64
Wolves,Newcastle,1,2,A,25,10,12,6,10,5,65
Bolton,Chelsea,1,5,A,14,21,10,14,4,5,66
Fulham,QPR,6,0,H,19,17,13,10,4,4,67
Swansea,Stoke,2,0,H,9,11,5,6,6,5,68
Tottenham,Arsenal,2,1,H,16,13,8,7,9,7,69
Chelsea,Everton,3,1,H,7,9,5,5,2,2,70
Liverpool,Man United,1,1,D,14,10,8,3,8,3,71
Man City,Aston Villa,4,1,H,15,8,10,6,5,1,72
Norwich,Swansea,3,1,H,15,12,8,4,4,4,73
QPR,Blackburn,1,1,D,12,10,6,9,5,7,74
Stoke,Fulham,2,0,H,14,4,6,1,5,2,75
Wigan,Bolton,1,3,A,13,14,9,11,5,4,76
Arsenal,Sunderland,2,1,H,20,8,11,4,9,2,77
Newcastle,Tottenham,2,2,D,12,11,7,8,5,2,78
West Brom,Wolves,2,0,H,17,13,11,10,2,11,79
Aston Villa,West Brom,1,2,A,3,8,0,5,3,8,80
Bolton,Sunderland,0,2,A,15,18,8,10,2,11,81
Liverpool,Norwich,1,1,D,25,12,15,10,10,3,82
Newcastle,Wigan,1,0,H,13,12,10,5,7,3,83
Wolves,Swansea,2,2,D,20,16,13,14,8,13,84
Arsenal,Stoke,3,1,H,9,5,5,2,10,1,85
Blackburn,Tottenham,1,2,A,19,9,8,7,8,5,86
Fulham,Everton,1,3,A,15,11,8,7,5,1,87
Man United,Man City,1,6,A,12,19,8,12,7,4,88
QPR,Chelsea,1,0,H,8,14,3,7,0,6,89
Chelsea,Arsenal,3,5,A,12,13,10,8,3,2,90
Everton,Man United,0,1,A,18,7,11,6,4,1,91
Man City,Wolves,3,1,H,18,9,9,2,5,4,92
Norwich,Blackburn,3,3,D,13,12,6,7,6,2,93
Sunderland,Aston Villa,2,2,D,13,10,8,5,5,6,94
Swansea,Bolton,3,1,H,20,8,12,3,10,2,95
West Brom,Liverpool,0,2,A,10,17,6,7,3,10,96
Wigan,Fulham,0,2,A,18,7,9,5,9,0,97
Tottenham,QPR,3,1,H,22,12,13,8,4,8,98
Stoke,Newcastle,1,3,A,10,6,4,2,8,2,99
Arsenal,West Brom,3,0,H,12,9,7,4,4,1,100
Aston Villa,Norwich,3,2,H,12,9,6,7,6,6,101
Blackburn,Chelsea,0,1,A,13,12,8,8,5,8,102
Liverpool,Swansea,0,0,D,18,9,10,3,11,4,103
Man United,Sunderland,1,0,H,15,9,9,3,6,2,104
Newcastle,Everton,2,1,H,10,14,6,6,5,3,105
QPR,Man City,2,3,A,18,16,9,8,3,1,106
Bolton,Stoke,5,0,H,20,9,16,6,12,4,107
Fulham,Tottenham,1,3,A,26,8,20,8,11,1,108
Wolves,Wigan,3,1,H,13,13,12,7,5,6,109
Everton,Wolves,2,1,H,13,4,9,1,9,1,110
Man City,Newcastle,3,1,H,12,10,9,7,4,5,111
Norwich,Arsenal,1,2,A,7,20,4,14,1,6,112
Stoke,QPR,2,3,A,17,9,7,8,9,5,113
Sunderland,Fulham,0,0,D,13,13,8,9,6,7,114
Swansea,Man United,0,1,A,9,13,6,7,6,2,115
West Brom,Bolton,2,1,H,16,8,9,6,7,5,116
Wigan,Blackburn,3,3,D,21,6,11,2,7,3,117
Chelsea,Liverpool,1,2,A,18,9,5,3,6,5,118
Tottenham,Aston Villa,2,0,H,20,5,9,1,11,3,119
Arsenal,Fulham,1,1,D,20,10,12,6,13,4,120
Bolton,Everton,0,2,A,8,17,7,14,2,4,121
Chelsea,Wolves,3,0,H,17,7,11,2,9,2,122
Man United,Newcastle,1,1,D,23,8,13,6,11,3,123
Norwich,QPR,2,1,H,15,13,8,4,6,4,124
Stoke,Blackburn,3,1,H,8,16,5,12,2,6,125
Sunderland,Wigan,1,2,A,17,7,11,4,3,2,126
West Brom,Tottenham,1,3,A,9,23,5,14,1,10,127
Liverpool,Man City,1,1,D,17,7,9,3,8,5,128
Swansea,Aston Villa,0,0,D,6,9,2,4,4,6,129
Aston Villa,Man United,0,1,A,7,11,3,5,5,5,130
Blackburn,Swansea,4,2,H,14,10,9,5,3,4,131
Man City,Norwich,5,1,H,21,5,16,2,12,4,132
Newcastle,Chelsea,0,3,A,16,21,9,13,6,5,133
QPR,West Brom,1,1,D,14,15,4,10,3,5,134
Tottenham,Bolton,3,0,H,25,13,16,9,7,6,135
Wigan,Arsenal,0,4,A,7,16,4,10,4,5,136
Everton,Stoke,0,1,A,11,7,4,4,10,6,137
Wolves,Sunderland,2,1,H,15,18,10,12,8,3,138
Fulham,Liverpool,1,0,H,19,17,13,9,2,10,139
Arsenal,Everton,1,0,H,12,7,7,1,7,4,140
Bolton,Aston Villa,1,2,A,17,17,12,11,6,10,141
Liverpool,QPR,1,0,H,21,6,15,2,17,5,142
Man United,Wolves,4,1,H,22,11,18,8,8,2,143
Norwich,Newcastle,4,2,H,13,11,11,8,7,2,144
Swansea,Fulham,2,0,H,16,12,8,7,6,5,145
West Brom,Wigan,1,2,A,13,7,8,4,13,2,146
Stoke,Tottenham,2,1,H,10,15,7,12,7,12,147
Sunderland,Blackburn,2,1,H,22,3,12,2,9,0,148
Chelsea,Man City,2,1,H,13,7,7,4,5,1,149
Blackburn,West Brom,1,2,A,17,13,14,6,3,7,150
Everton,Norwich,1,1,D,28,7,15,1,13,0,151
Fulham,Bolton,2,0,H,16,14,9,6,8,4,152
Newcastle,Swansea,0,0,D,17,3,6,0,9,1,153
Wigan,Chelsea,1,1,D,15,10,7,5,7,5,154
Wolves,Stoke,1,2,A,10,8,5,4,7,5,155
Aston Villa,Liverpool,0,2,A,16,19,8,12,4,10,156
Man City,Arsenal,1,0,H,15,12,9,8,4,6,157
QPR,Man United,0,2,A,11,19,3,12,5,10,158
Tottenham,Sunderland,1,0,H,16,8,12,4,6,0,159
Blackburn,Bolton,1,2,A,17,8,7,5,5,9,160
Wolves,Norwich,2,2,D,18,18,9,14,4,6,161
Aston Villa,Arsenal,1,2,A,10,8,4,6,7,15,162
Everton,Swansea,1,0,H,13,4,6,4,9,2,163
Fulham,Man United,0,5,A,13,14,8,12,3,10,164
Man City,Stoke,3,0,H,20,2,16,0,5,2,165
Newcastle,West Brom,2,3,A,21,14,11,8,10,1,166
QPR,Sunderland,2,3,A,17,17,9,13,8,11,167
Wigan,Liverpool,0,0,D,15,18,10,10,7,14,168
Tottenham,Chelsea,1,1,D,16,20,10,10,7,4,169
Bolton,Newcastle,0,2,A,4,12,3,7,4,4,170
Chelsea,Fulham,1,1,D,24,9,15,6,9,3,171
Liverpool,Blackburn,1,1,D,28,5,13,2,9,2,172
Man United,Wigan,5,0,H,17,9,9,5,10,2,173
Stoke,Aston Villa,0,0,D,7,10,2,4,7,7,174
Sunderland,Everton,1,1,D,12,9,8,3,5,6,175
West Brom,Man City,0,0,D,7,18,3,9,5,9,176
Arsenal,Wolves,1,1,D,23,6,17,4,13,3,177
Norwich,Tottenham,0,2,A,8,19,4,8,3,10,178
Swansea,QPR,1,1,D,7,12,4,7,5,11,179
Liverpool,Newcastle,3,1,H,15,5,7,2,7,0,180
Arsenal,QPR,1,0,H,16,6,7,3,12,4,181
Bolton,Wolves,1,1,D,13,8,9,5,3,6,182
Chelsea,Aston Villa,1,3,A,16,12,5,9,9,2,183
Man United,Blackburn,2,3,A,26,10,13,5,17,3,184
Norwich,Fulham,1,1,D,18,11,9,6,4,3,185
Stoke,Wigan,2,2,D,12,10,3,6,8,5,186
Swansea,Tottenham,1,1,D,14,12,8,7,10,5,187
Sunderland,Man City,1,0,H,8,25,5,11,1,10,188
West Brom,Everton,0,1,A,10,13,2,8,2,7,189
Aston Villa,Swansea,0,2,A,10,8,2,4,14,0,190
Blackburn,Stoke,1,2,A,14,8,7,3,8,3,191
Fulham,Arsenal,2,1,H,21,17,8,10,4,3,192
QPR,Norwich,1,2,A,9,13,6,6,2,5,193
Wolves,Chelsea,1,2,A,9,15,5,10,0,5,194
Man City,Liverpool,3,0,H,10,18,8,10,5,6,195
Tottenham,West Brom,1,0,H,20,8,14,2,14,7,196
Wigan,Sunderland,1,4,A,20,10,10,9,9,6,197
Everton,Bolton,1,2,A,10,12,4,7,5,10,198
Newcastle,Man United,3,0,H,10,6,6,6,4,4,199
Tottenham,Everton,2,0,H,14,11,7,4,6,4,200
Aston Villa,Everton,1,1,D,17,7,11,4,9,3,201
Blackburn,Fulham,3,1,H,15,17,11,7,0,9,202
Chelsea,Sunderland,1,0,H,21,9,10,4,8,2,203
Liverpool,Stoke,0,0,D,13,3,5,1,11,1,204
Man United,Bolton,3,0,H,19,11,9,5,11,3,205
Tottenham,Wolves,1,1,D,22,5,10,3,8,1,206
West Brom,Norwich,1,2,A,16,7,8,4,10,5,207
Newcastle,QPR,1,0,H,9,15,4,9,3,2,208
Swansea,Arsenal,3,2,H,9,14,5,9,9,2,209
Wigan,Man City,0,1,A,7,12,4,8,4,5,210
Bolton,Liverpool,3,1,H,15,11,8,8,5,5,211
Everton,Blackburn,1,1,D,15,14,8,8,5,8,212
Fulham,Newcastle,5,2,H,10,15,7,9,2,6,213
Norwich,Chelsea,0,0,D,5,19,3,9,1,11,214
QPR,Wigan,3,1,H,16,9,8,4,7,1,215
Stoke,West Brom,1,2,A,10,15,3,6,5,1,216
Sunderland,Swansea,2,0,H,7,11,2,4,2,4,217
Wolves,Aston Villa,2,3,A,13,11,9,5,12,3,218
Arsenal,Man United,1,2,A,12,9,6,5,0,5,219
Man City,Tottenham,3,2,H,13,12,7,7,9,4,220
Everton,Man City,1,0,H,9,17,4,11,3,9,221
Man United,Stoke,2,0,H,11,8,7,3,9,2,222
Swansea,Chelsea,1,1,D,7,20,5,10,1,11,223
Tottenham,Wigan,3,1,H,20,10,13,6,5,0,224
Wolves,Liverpool,0,3,A,5,23,1,14,5,4,225
Aston Villa,QPR,2,2,D,23,3,15,3,9,3,226
Blackburn,Newcastle,0,2,A,23,9,12,5,14,2,227
Bolton,Arsenal,0,0,D,14,16,8,7,6,6,228
Fulham,West Brom,1,1,D,13,15,6,11,8,7,229
Sunderland,Norwich,3,0,H,10,12,6,4,3,6,230
Arsenal,Blackburn,7,1,H,20,3,11,3,11,1,231
Man City,Fulham,3,0,H,16,11,10,8,4,6,232
Norwich,Bolton,2,0,H,22,10,9,6,4,7,233
QPR,Wolves,1,2,A,13,14,8,6,7,3,234
Stoke,Sunderland,0,1,A,9,4,6,2,5,5,235
West Brom,Swansea,1,2,A,18,15,11,8,8,7,236
Wigan,Everton,1,1,D,2,8,1,4,4,3,237
Chelsea,Man United,3,3,D,19,14,10,10,6,6,238
Newcastle,Aston Villa,2,1,H,16,13,8,8,4,4,239
Liverpool,Tottenham,0,0,D,15,9,10,6,7,4,240
Blackburn,QPR,3,2,H,7,25,5,13,5,6,241
Bolton,Wigan,1,2,A,13,10,8,6,7,7,242
Everton,Chelsea,2,0,H,10,8,7,7,2,4,243
Fulham,Stoke,2,1,H,11,12,4,4,5,4,244
Man United,Liverpool,2,1,H,11,9,6,6,4,3,245
Sunderland,Arsenal,1,2,A,8,10,5,8,7,3,246
Swansea,Norwich,2,3,A,16,18,9,11,6,8,247
Tottenham,Newcastle,5,0,H,18,7,9,3,4,3,248
Aston Villa,Man City,0,1,A,9,17,5,10,5,8,249
Wolves,West Brom,1,5,A,10,26,8,16,12,8,250
Chelsea,Bolton,3,0,H,25,8,16,1,14,7,251
Man City,Blackburn,3,0,H,20,2,13,2,10,3,252
Newcastle,Wolves,2,2,D,13,7,8,6,3,3,253
QPR,Fulham,0,1,A,17,7,8,3,6,5,254
West Brom,Sunderland,4,0,H,18,10,13,4,7,0,255
Wigan,Aston Villa,0,0,D,14,10,6,3,14,7,256
Arsenal,Tottenham,5,2,H,21,8,13,4,7,5,257
Norwich,Man United,1,2,A,16,11,7,9,4,4,258
Stoke,Swansea,2,0,H,9,11,6,6,8,4,259
Blackburn,Aston Villa,1,1,D,15,17,9,12,4,8,260
Liverpool,Arsenal,1,2,A,12,10,4,7,12,0,261
Man City,Bolton,2,0,H,23,8,10,5,7,4,262
QPR,Everton,1,1,D,22,8,10,5,7,7,263
Stoke,Norwich,1,0,H,11,7,7,5,8,2,264
West Brom,Chelsea,1,0,H,19,13,11,6,14,5,265
Wigan,Swansea,0,2,A,14,12,8,8,8,4,266
Fulham,Wolves,5,0,H,25,8,19,3,7,7,267
Newcastle,Sunderland,1,1,D,24,7,12,6,19,4,268
Tottenham,Man United,1,3,A,18,6,9,5,7,3,269
Aston Villa,Fulham,1,0,H,19,5,8,1,10,4,270
Bolton,QPR,2,1,H,11,17,7,11,10,6,271
Chelsea,Stoke,1,0,H,21,8,11,3,14,1,272
Everton,Tottenham,1,0,H,9,21,5,9,0,8,273
Sunderland,Liverpool,1,0,H,6,9,1,5,3,2,274
Wolves,Blackburn,0,2,A,14,12,7,8,3,4,275
Man United,West Brom,2,0,H,20,6,9,3,8,5,276
Norwich,Wigan,1,1,D,13,18,6,9,3,5,277
Swansea,Man City,1,0,H,8,18,5,13,7,9,278
Arsenal,Newcastle,2,1,H,21,5,13,3,6,3,279
Liverpool,Everton,3,0,H,15,5,10,3,4,4,280
Fulham,Swansea,0,3,A,14,10,7,7,6,2,281
Wigan,West Brom,1,1,D,20,8,6,2,13,5,282
Newcastle,Norwich,1,0,H,15,12,10,5,4,5,283
Wolves,Man United,0,5,A,7,22,3,18,4,7,284
Blackburn,Sunderland,2,0,H,16,2,9,0,7,8,285
Everton,Arsenal,0,1,A,7,12,2,8,4,6,286
Man City,Chelsea,2,1,H,20,6,10,5,11,4,287
QPR,Liverpool,3,2,H,10,18,5,11,7,17,288
Tottenham,Stoke,1,1,D,24,8,18,2,13,1,289
Arsenal,Aston Villa,3,0,H,20,3,12,2,15,5,290
Bolton,Blackburn,2,1,H,12,10,6,4,11,4,291
Chelsea,Tottenham,0,0,D,10,19,5,7,6,5,292
Liverpool,Wigan,1,2,A,12,6,9,5,6,0,293
Norwich,Wolves,2,1,H,15,10,11,6,5,5,294
Stoke,Man City,1,1,D,10,16,3,11,5,7,295
Sunderland,QPR,3,1,H,15,10,8,6,5,2,296
Swansea,Everton,0,2,A,10,15,3,8,3,3,297
West Brom,Newcastle,1,3,A,14,10,6,7,10,4,298
Man United,Fulham,1,0,H,19,5,16,4,7,1,299
Aston Villa,Chelsea,2,4,A,9,12,5,9,6,4,300
Everton,West Brom,2,0,H,16,9,9,5,5,2,301
Fulham,Norwich,2,1,H,14,16,9,8,6,7,302
Man City,Sunderland,3,3,D,19,8,10,4,17,5,303
QPR,Arsenal,2,1,H,10,13,8,7,4,6,304
Wigan,Stoke,2,0,H,13,6,11,2,8,1,305
Wolves,Bolton,2,3,A,14,19,8,11,13,4,306
Newcastle,Liverpool,2,0,H,11,9,7,6,3,6,307
Tottenham,Swansea,3,1,H,15,11,10,7,7,7,308
Blackburn,Man United,0,2,A,11,14,6,6,2,10,309
Swansea,Newcastle,0,2,A,19,5,13,4,7,0,310
Bolton,Fulham,0,3,A,13,11,7,8,5,3,311
Chelsea,Wigan,2,1,H,19,13,10,7,5,3,312
Liverpool,Aston Villa,1,1,D,21,5,5,3,11,3,313
Norwich,Everton,2,2,D,14,9,11,5,2,4,314
Stoke,Wolves,2,1,H,14,9,6,5,3,8,315
Sunderland,Tottenham,0,0,D,12,15,9,8,11,4,316
West Brom,Blackburn,3,0,H,9,16,6,10,8,4,317
Arsenal,Man City,1,0,H,12,7,7,2,7,6,318
Man United,QPR,2,0,H,24,9,14,7,11,5,319
Aston Villa,Stoke,1,1,D,7,7,3,3,5,4,320
Everton,Sunderland,4,0,H,22,3,12,0,5,2,321
Fulham,Chelsea,1,1,D,11,12,9,4,7,11,322
Newcastle,Bolton,2,0,H,8,9,4,6,6,5,323
Tottenham,Norwich,1,2,A,13,12,9,6,10,3,324
Blackburn,Liverpool,2,3,A,10,16,4,12,4,4,325
Man City,West Brom,4,0,H,17,4,12,1,6,2,326
QPR,Swansea,3,0,H,16,9,8,6,6,9,327
Wigan,Man United,1,0,H,11,8,8,3,7,3,328
Wolves,Arsenal,0,3,A,9,10,6,7,6,4,329
Norwich,Man City,1,6,A,16,22,8,17,3,5,330
Sunderland,Wolves,0,0,D,15,12,6,8,8,4,331
Swansea,Blackburn,3,0,H,16,7,8,2,7,3,332
West Brom,QPR,1,0,H,15,16,10,6,6,8,333
Man United,Aston Villa,4,0,H,24,10,16,4,11,4,334
Arsenal,Wigan,1,2,A,18,12,8,7,9,3,335
Arsenal,Chelsea,0,0,D,13,13,8,7,7,7,336
Aston Villa,Sunderland,0,0,D,12,10,7,5,8,5,337
Blackburn,Norwich,2,0,H,9,12,6,5,9,7,338
Bolton,Swansea,1,1,D,7,20,5,12,8,10,339
Fulham,Wigan,2,1,H,15,9,9,5,4,0,340
Newcastle,Stoke,3,0,H,16,7,11,2,4,5,341
QPR,Tottenham,1,0,H,12,17,5,8,4,13,342
Liverpool,West Brom,0,1,A,28,9,12,4,15,3,343
Man United,Everton,4,4,D,20,17,11,10,5,2,344
Wolves,Man City,0,2,A,7,17,4,9,7,4,345
Aston Villa,Bolton,1,2,A,17,12,6,11,9,6,346
Everton,Fulham,4,0,H,11,6,7,5,3,5,347
Norwich,Liverpool,0,3,A,8,15,3,9,5,7,348
Stoke,Arsenal,1,1,D,6,17,4,10,2,6,349
Sunderland,Bolton,2,2,D,12,16,6,9,7,5,350
Swansea,Wolves,4,4,D,10,15,8,9,2,6,351
West Brom,Aston Villa,0,0,D,13,8,7,5,10,3,352
Wigan,Newcastle,4,0,H,10,11,8,3,4,1,353
Chelsea,QPR,6,1,H,25,11,18,7,8,5,354
Tottenham,Blackburn,2,0,H,19,0,8,0,6,1,355
Man City,Man United,1,0,H,12,4,5,2,8,8,356
Liverpool,Fulham,0,1,A,18,7,5,4,5,4,357
Stoke,Everton,1,1,D,10,11,5,4,4,6,358
Bolton,Tottenham,1,4,A,14,13,8,10,4,7,359
Chelsea,Newcastle,0,2,A,17,12,6,6,4,4,360
Arsenal,Norwich,3,3,D,20,12,13,6,6,1,361
Aston Villa,Tottenham,1,1,D,4,21,2,10,4,19,362
Bolton,West Brom,2,2,D,11,17,6,13,4,4,363
Fulham,Sunderland,2,1,H,20,12,15,7,8,2,364
Man United,Swansea,2,0,H,26,13,18,9,16,3,365
Newcastle,Man City,0,2,A,14,19,9,12,2,6,366
QPR,Stoke,1,0,H,21,8,12,1,7,3,367
Wolves,Everton,0,0,D,7,18,1,10,3,7,368
Blackburn,Wigan,0,1,A,12,19,7,9,5,6,369
Liverpool,Chelsea,4,1,H,23,9,13,5,7,4,370
Chelsea,Blackburn,2,1,H,18,8,6,5,8,2,371
Everton,Newcastle,3,1,H,17,11,11,5,4,3,372
Man City,QPR,3,2,H,35,3,24,3,19,0,373
Norwich,Aston Villa,2,0,H,21,9,12,5,9,6,374
Stoke,Bolton,2,2,D,12,20,8,8,5,9,375
Sunderland,Man United,0,1,A,6,17,5,9,1,9,376
Swansea,Liverpool,1,0,H,13,14,8,9,6,5,377
Tottenham,Fulham,2,0,H,15,10,9,7,9,3,378
West Brom,Arsenal,2,3,A,12,12,8,8,9,5,379
Wigan,Wolves,3,2,H,14,10,10,7,9,2,380
